{
  "1": {
    "yomi": "1",
    "kakusu": 1,
    "x": [
      [
        0.0,
        0.0,
        0.034482758620689655,
        0.10344827586206896,
        0.1724137931034483,
        0.2413793103448276,
        0.3103448275862069,
        0.3448275862068966,
        0.41379310344827586,
        0.5862068965517241,
        0.7931034482758621,
        0.896551724137931,
        1.0,
        1.0,
        1.0,
        1.0,
        1.0,
        1.0,
        1.0,
        1.0,
        1.0,
        1.0
      ]
    ],
    "y": [
      [
        0.0,
        0.00390625,
        0.01171875,
        0.015625,
        0.0234375,
        0.03515625,
        0.0625,
        0.109375,
        0.18359375,
        0.25390625,
        0.328125,
        0.46484375,
        0.59765625,
        0.6953125,
        0.7109375,
        0.71484375,
        0.83984375,
        0.9375,
        0.9765625,
        0.99609375,
        1.0,
        1.0
      ]
    ],
    "min_x": [
      308.3333333333333
    ],
    "min_y": [
      151.5
    ],
    "max_x": [
      379.25
    ],
    "max_y": [
      366.25
    ]
  },
  "2": {
    "yomi": "2",
    "kakusu": 1,
    "x": [
      [
        0.16445623342175067,
        0.17771883289124668,
        0.1909814323607427,
        0.20159151193633953,
        0.21750663129973474,
        0.23342175066312998,
        0.2546419098143236,
        0.3209549071618037,
        0.38992042440318303,
        0.5570291777188329,
        0.6710875331564987,
        0.7188328912466844,
        0.7453580901856764,
        0.7612732095490716,
        0.76657824933687,
        0.76657824933687,
        0.76657824933687,
        0.76657824933687,
        0.7480106100795756,
        0.6047745358090185,
        0.5278514588859416,
        0.47480106100795755,
        0.4323607427055703,
        0.3925729442970822,
        0.3395225464190981,
        0.2519893899204244,
        0.15915119363395225,
        0.10079575596816977,
        0.07161803713527852,
        0.05570291777188329,
        0.042440318302387266,
        0.015915119363395226,
        0.002652519893899204,
        0.0,
        0.002652519893899204,
        0.010610079575596816,
        0.023872679045092837,
        0.1273209549071618,
        0.23607427055702918,
        0.32625994694960214,
        0.493368700265252,
        0.5862068965517241,
        0.6578249336870027,
        0.76657824933687,
        0.8355437665782494,
        0.8806366047745358,
        0.8938992042440318,
        0.9018567639257294,
        0.9151193633952255,
        0.9416445623342176,
        0.9761273209549072,
        0.9946949602122016,
        1.0,
        1.0
      ]
    ],
    "y": [
      [
        0.012738853503184714,
        0.012738853503184714,
        0.009554140127388535,
        0.009554140127388535,
        0.006369426751592357,
        0.0031847133757961785,
        0.0031847133757961785,
        0.0,
        0.0,
        0.01592356687898089,
        0.06687898089171974,
        0.12101910828025478,
        0.1592356687898089,
        0.17834394904458598,
        0.18789808917197454,
        0.1942675159235669,
        0.20382165605095542,
        0.22611464968152867,
        0.3535031847133758,
        0.5477707006369427,
        0.6146496815286624,
        0.697452229299363,
        0.802547770700637,
        0.8630573248407644,
        0.8980891719745223,
        0.9235668789808917,
        0.9490445859872612,
        0.9617834394904459,
        0.9808917197452229,
        0.9872611464968153,
        0.9936305732484076,
        1.0,
        1.0,
        1.0,
        1.0,
        0.9968152866242038,
        0.9968152866242038,
        0.9872611464968153,
        0.9745222929936306,
        0.9617834394904459,
        0.9490445859872612,
        0.9331210191082803,
        0.9267515923566879,
        0.9235668789808917,
        0.9235668789808917,
        0.9235668789808917,
        0.9235668789808917,
        0.9235668789808917,
        0.9267515923566879,
        0.9299363057324841,
        0.9299363057324841,
        0.9299363057324841,
        0.9299363057324841,
        0.9299363057324841
      ]
    ],
    "min_x": [
      101.5
    ],
    "min_y": [
      160.25
    ],
    "max_x": [
      444.75
    ],
    "max_y": [
      455.0
    ]
  },
  "3": {
    "yomi": "3",
    "kakusu": 1,
    "x": [
      [
        0.0,
        0.17346938775510204,
        0.29591836734693877,
        0.5374149659863946,
        0.6530612244897959,
        0.7551020408163265,
        0.8707482993197279,
        0.9387755102040817,
        0.9625850340136054,
        0.9761904761904762,
        0.9761904761904762,
        0.9727891156462585,
        0.8775510204081632,
        0.8027210884353742,
        0.7346938775510204,
        0.6258503401360545,
        0.5476190476190477,
        0.4557823129251701,
        0.4013605442176871,
        0.3707482993197279,
        0.35034013605442177,
        0.3401360544217687,
        0.3333333333333333,
        0.3231292517006803,
        0.3129251700680272,
        0.3129251700680272,
        0.3333333333333333,
        0.445578231292517,
        0.6190476190476191,
        0.7108843537414966,
        0.8095238095238095,
        0.9149659863945578,
        0.9965986394557823,
        1.0,
        1.0,
        1.0,
        0.95578231292517,
        0.8299319727891157,
        0.7517006802721088,
        0.6870748299319728,
        0.5782312925170068,
        0.47278911564625853,
        0.41496598639455784,
        0.35714285714285715,
        0.336734693877551,
        0.30612244897959184,
        0.2789115646258503,
        0.25170068027210885,
        0.25170068027210885,
        0.25170068027210885
      ]
    ],
    "y": [
      [
        0.02857142857142857,
        0.015584415584415584,
        0.007792207792207792,
        0.0,
        0.0,
        0.0025974025974025974,
        0.03636363636363636,
        0.08311688311688312,
        0.14545454545454545,
        0.2,
        0.2779220779220779,
        0.3194805194805195,
        0.37922077922077924,
        0.45714285714285713,
        0.509090909090909,
        0.5454545454545454,
        0.548051948051948,
        0.5532467532467532,
        0.5558441558441558,
        0.5558441558441558,
        0.5558441558441558,
        0.5558441558441558,
        0.5532467532467532,
        0.5454545454545454,
        0.5402597402597402,
        0.5376623376623376,
        0.5428571428571428,
        0.5532467532467532,
        0.574025974025974,
        0.612987012987013,
        0.6415584415584416,
        0.6675324675324675,
        0.7168831168831169,
        0.7324675324675325,
        0.7428571428571429,
        0.7532467532467533,
        0.8181818181818182,
        0.8805194805194805,
        0.9272727272727272,
        0.9584415584415584,
        0.987012987012987,
        1.0,
        1.0,
        0.9688311688311688,
        0.9506493506493506,
        0.9298701298701298,
        0.9116883116883117,
        0.8935064935064935,
        0.8779220779220779,
        0.8779220779220779
      ]
    ],
    "min_x": [
      205.0
    ],
    "min_y": [
      72.0
    ],
    "max_x": [
      499.0
    ],
    "max_y": [
      457.0
    ]
  },
  "4": {
    "yomi": "4",
    "kakusu": 2,